4b;Andrus;Skures
4a;Brodie;Johl
4c;Rockey;Hunnam
4b;Natty;Ludlam
4a;Katharyn;Impy
4b;Ursa;Brinson
4b;Vivianna;Smy
4b;Bernadene;Bletso
4b;Zechariah;Asher
4b;Baudoin;Rodda
4a;Keene;Gulley
4a;Garrik;Flegg
4a;Lora;Franklyn
4a;Winfield;Ruzicka
4b;Josee;Kilshaw
4c;Jone;Mackie
4b;Lela;Flagg
4a;Cathrin;Montez
4c;Romona;Cullin
4b;Lexi;Meys
4a;Carena;Mulhall
4c;Wini;Francello
4a;Rori;Meddemmen
4b;Desiri;Crysell
4a;Steffane;Storcke
4b;Blayne;Grubey
4a;Mallory;Bayldon
4b;Anni;MacKinnon
4b;Nichol;Gianullo
4a;Frank;Biasotti
4b;Niels;Knowlys
4b;Marci;Jiruca
4a;Clea;Arnaudon
4c;Danila;Flacknell
4b;Cos;Brislawn
4b;Ardene;Largent
4a;Neddie;Kegley
4c;Portia;Tortice
4b;Quinlan;Stemson
4c;Zaneta;Codron
4b;Casey;Aggs
4c;Jonis;Ibberson
4c;Alain;Raybould
4a;Tandi;Carlill
4c;Man;Papez
4c;Lauryn;Whiston
4b;Sheffie;Sawnwy
4a;Elsie;Robinett
4b;Levi;Rannie
4b;Lanny;Schrei
4a;Etta;Roads
4a;Odelinda;Pirkis
4a;Xenia;Wheatman
4a;Roda;Kaye
4a;Guy;Hefferan
4b;Rosamond;Nazaret
4a;Grazia;Sauvain
